{
  "eval_loss": 0.7794302105903625,
  "eval_precision": 0.5,
  "eval_recall": 1.0,
  "eval_f1": 0.6666666666666666,
  "eval_runtime": 6.4945,
  "eval_samples_per_second": 3.08,
  "eval_steps_per_second": 0.462,
  "epoch": 5.0
}