{
  "eval_loss": 0.6929389834403992,
  "eval_precision": 0.8333333333333334,
  "eval_recall": 0.14285714285714285,
  "eval_f1": 0.24390243902439024,
  "eval_runtime": 22.0597,
  "eval_samples_per_second": 3.173,
  "eval_steps_per_second": 0.408,
  "epoch": 3.0
}